My Frontend Ai videos,,
,,
Title ,src,Category 
3 Family members Ai video (51),3 family members Ai video (51).mp4,Family 
Father and grandmother ,Father and grandmother Ai video 1080p.mp4,Latest | Father | Grandmother 
Father Ai video ,Father Ai video_1.mp4,Father 
Trending Father Ai video ,Father Temple Ai video.mp4,Father | Latest
Grandfather Ai video ,Grandfather AI video nspt.mp4,Grandfather 
Mother Ai video birthday ,Amamma Ai video Mobile.mp4,Mother 
Saree function father's Ai video ,Saree function Ai video.mp4,Father | Latest 
Brother Ai video ,Small brother Ai video.mp4,Brother 
Mother AI video ,Mother AI video.mp4,Mother 
3 father's ,Jalsa Studio 3fathers Ai video.mp4,Family 
Father Ai video ,lv_0_20260418222126.mp4,Father 
3 Members AI video ,3 family members Ai video (51).mp4,Family 
House ceremony Father and mother ,father and mother Ai video 1080p.mp4,Family | Latest
Sister Ai video ,Sister Ai video.mp4,Sister 
Brother Ai video ,Brother Ai video.mp4,Brother 
4 Family members Ai video (52),4 family members Ai video (50).mp4,Family 
Father Ai video ,VID-20260224-WA0008.mp4,Father
